idx,x,y
1,291839.54007890855,2558329.3464588523
2,291824.96348482673,2558333.4768117396
3,291880.21395094146,2558305.5871883556
4,291850.77762732666,2558312.152890822
5,291820.7652695185,2558312.152890822
6,291801.1020006097,2558305.061152846
7,291935.89400187845,2558273.060659372
8,291910.7730530689,2558281.827917858
9,291880.77045855206,2558282.149384002
10,291850.77762732666,2558282.149384002
11,291820.7652695185,2558282.149384002
12,291792.22716871393,2558282.149384002
13,291991.5740528154,2558240.534130388
14,291970.768478811,2558249.3013888747
15,291940.7756475857,2558252.1458771834
16,291910.7730530689,2558252.1458771834
17,291880.77045855206,2558252.1458771834
18,291850.77762732666,2558252.1458771834
19,291820.7652695185,2558252.1458771834
20,291790.7724382931,2558252.1458771834
21,291768.3656844968,2558249.681303409
22,292047.244340461,2558208.0076014046
23,292030.77366784465,2558216.774859891
24,292000.78083661926,2558222.152111762
25,291970.768478811,2558222.152111762
26,291940.7756475857,2558222.152111762
27,291910.7730530689,2558222.152111762
28,291880.77045855206,2558222.152111762
29,291850.77762732666,2558222.152111762
30,291820.7652695185,2558222.152111762
31,291790.7724382931,2558222.152111762
32,291760.7796070677,2558222.152111762
33,291744.4944369883,2558209.312948779
34,292087.9279757852,2558184.248330907
35,292060.76649907004,2558192.148604943
36,292030.77366784465,2558192.148604943
37,292000.78083661926,2558192.148604943
38,291970.768478811,2558192.148604943
39,291940.7756475857,2558192.148604943
40,291910.7730530689,2558192.148604943
41,291880.77045855206,2558192.148604943
42,291850.77762732666,2558192.148604943
43,291820.7652695185,2558192.148604943
44,291790.7724382931,2558192.148604943
45,291760.7796070677,2558192.148604943
46,291735.61960509256,2558192.148604943
47,292143.59826343076,2558151.7218019236
48,292120.7716881036,2558160.4793190113
49,292090.7788568782,2558162.1450981237
50,292060.76649907004,2558162.1450981237
51,292030.77366784465,2558162.1450981237
52,292000.78083661926,2558162.1450981237
53,291970.768478811,2558162.1450981237
54,291940.7756475857,2558162.1450981237
55,291910.7730530689,2558162.1450981237
56,291880.77045855206,2558162.1450981237
57,291850.77762732666,2558162.1450981237
58,291820.7652695185,2558162.1450981237
59,291790.7724382931,2558162.1450981237
60,291760.7796070677,2558162.1450981237
61,291730.7672492595,2558162.1450981237
62,291711.75812087546,2558153.9330993416
63,292199.27831436775,2558119.2050143387
64,292180.77687713725,2558127.9625314265
65,292150.764519329,2558132.1513327034
66,292120.7716881036,2558132.1513327034
67,292090.7788568782,2558132.1513327034
68,292060.76649907004,2558132.1513327034
69,292030.77366784465,2558132.1513327034
70,292000.78083661926,2558132.1513327034
71,291970.768478811,2558132.1513327034
72,291940.7756475857,2558132.1513327034
73,291910.7730530689,2558132.1513327034
74,291880.77045855206,2558132.1513327034
75,291850.77762732666,2558132.1513327034
76,291820.7652695185,2558132.1513327034
77,291790.7724382931,2558132.1513327034
78,291760.7796070677,2558132.1513327034
79,291730.7672492595,2558132.1513327034
80,291702.8930522711,2558132.1513327034
81,292239.961949692,2558095.4360024426
82,292210.7697083626,2558102.1478258837
83,292180.77687713725,2558102.1478258837
84,292150.764519329,2558102.1478258837
85,292120.7716881036,2558102.1478258837
86,292090.7788568782,2558102.1478258837
87,292060.76649907004,2558102.1478258837
88,292030.77366784465,2558102.1478258837
89,292000.78083661926,2558102.1478258837
90,291970.768478811,2558102.1478258837
91,291940.7756475857,2558102.1478258837
92,291910.7730530689,2558102.1478258837
93,291880.77045855206,2558102.1478258837
94,291850.77762732666,2558102.1478258837
95,291820.7652695185,2558102.1478258837
96,291790.7724382931,2558102.1478258837
97,291760.7796070677,2558102.1478258837
98,291730.7672492595,2558102.1478258837
99,291700.7744180341,2558102.1478258837
100,291679.02180476265,2558098.572732701
101,292292.16626888537,2558062.0327476105
102,292270.7748973962,2558071.676731945
103,292240.7820661708,2558072.154060463
104,292210.7697083626,2558072.154060463
105,292180.77687713725,2558072.154060463
106,292150.764519329,2558072.154060463
107,292120.7716881036,2558072.154060463
108,292090.7788568782,2558072.154060463
109,292060.76649907004,2558072.154060463
110,292030.77366784465,2558072.154060463
111,292000.78083661926,2558072.154060463
112,291970.768478811,2558072.154060463
113,291940.7756475857,2558072.154060463
114,291910.7730530689,2558072.154060463
115,291880.77045855206,2558072.154060463
116,291850.77762732666,2558072.154060463
117,291820.7652695185,2558072.154060463
118,291790.7724382931,2558072.154060463
119,291760.7796070677,2558072.154060463
120,291730.7672492595,2558072.154060463
121,291700.7744180341,2558072.154060463
122,291670.78158680873,2558072.154060463
123,291655.1505572541,2558058.1946366737
124,292317.58987972874,2558029.7594949836
125,292300.76772862155,2558042.1505536437
126,292270.7748973962,2558042.1505536437
127,292240.7820661708,2558042.1505536437
128,292210.7697083626,2558042.1505536437
129,292180.77687713725,2558042.1505536437
130,292150.764519329,2558042.1505536437
131,292120.7716881036,2558042.1505536437
132,292090.7788568782,2558042.1505536437
133,292060.76649907004,2558042.1505536437
134,292030.77366784465,2558042.1505536437
135,292000.78083661926,2558042.1505536437
136,291970.768478811,2558042.1505536437
137,291940.7756475857,2558042.1505536437
138,291910.7730530689,2558042.1505536437
139,291880.77045855206,2558042.1505536437
140,291850.77762732666,2558042.1505536437
141,291820.7652695185,2558042.1505536437
142,291790.7724382931,2558042.1505536437
143,291760.7796070677,2558042.1505536437
144,291730.7672492595,2558042.1505536437
145,291700.7744180341,2558042.1505536437
146,291670.78158680873,2558042.1505536437
147,291646.28548864974,2558042.1505536437
148,292326.6990306185,2558012.1470468245
149,292300.76772862155,2558012.1470468245
150,292270.7748973962,2558012.1470468245
151,292240.7820661708,2558012.1470468245
152,292210.7697083626,2558012.1470468245
153,292180.77687713725,2558012.1470468245
154,292150.764519329,2558012.1470468245
155,292120.7716881036,2558012.1470468245
156,292090.7788568782,2558012.1470468245
157,292060.76649907004,2558012.1470468245
158,292030.77366784465,2558012.1470468245
159,292000.78083661926,2558012.1470468245
160,291970.768478811,2558012.1470468245
161,291940.7756475857,2558012.1470468245
162,291910.7730530689,2558012.1470468245
163,291880.77045855206,2558012.1470468245
164,291850.77762732666,2558012.1470468245
165,291820.7652695185,2558012.1470468245
166,291790.7724382931,2558012.1470468245
167,291760.7796070677,2558012.1470468245
168,291730.7672492595,2558012.1470468245
169,291700.7744180341,2558012.1470468245
170,291670.78158680873,2558012.1470468245
171,291640.76922900055,2558012.1470468245
172,291622.4142411413,2558002.8245286345
173,292324.9806913296,2557987.160360139
174,292300.76772862155,2557982.1532814037
175,292270.7748973962,2557982.1532814037
176,292240.7820661708,2557982.1532814037
177,292210.7697083626,2557982.1532814037
178,292180.77687713725,2557982.1532814037
179,292150.764519329,2557982.1532814037
180,292120.7716881036,2557982.1532814037
181,292090.7788568782,2557982.1532814037
182,292060.76649907004,2557982.1532814037
183,292030.77366784465,2557982.1532814037
184,292000.78083661926,2557982.1532814037
185,291970.768478811,2557982.1532814037
186,291940.7756475857,2557982.1532814037
187,291910.7730530689,2557982.1532814037
188,291880.77045855206,2557982.1532814037
189,291850.77762732666,2557982.1532814037
190,291820.7652695185,2557982.1532814037
191,291790.7724382931,2557982.1532814037
192,291760.7796070677,2557982.1532814037
193,291730.7672492595,2557982.1532814037
194,291700.7744180341,2557982.1532814037
195,291670.78158680873,2557982.1532814037
196,291640.76922900055,2557982.1532814037
197,291613.5491725369,2557982.1532814037
198,292296.1496917825,2557955.88073014
199,292270.7748973962,2557952.149774584
200,292240.7820661708,2557952.149774584
201,292210.7697083626,2557952.149774584
202,292180.77687713725,2557952.149774584
203,292150.764519329,2557952.149774584
204,292120.7716881036,2557952.149774584
205,292090.7788568782,2557952.149774584
206,292060.76649907004,2557952.149774584
207,292030.77366784465,2557952.149774584
208,292000.78083661926,2557952.149774584
209,291970.768478811,2557952.149774584
210,291940.7756475857,2557952.149774584
211,291910.7730530689,2557952.149774584
212,291880.77045855206,2557952.149774584
213,291850.77762732666,2557952.149774584
214,291820.7652695185,2557952.149774584
215,291790.7724382931,2557952.149774584
216,291760.7796070677,2557952.149774584
217,291730.7672492595,2557952.149774584
218,291700.7744180341,2557952.149774584
219,291670.78158680873,2557952.149774584
220,291640.76922900055,2557952.149774584
221,291610.77639777516,2557952.149774584
222,291589.6876883198,2557947.454420595
223,292267.3382188183,2557924.601100141
224,292240.7820661708,2557922.146267765
225,292210.7697083626,2557922.146267765
226,292180.77687713725,2557922.146267765
227,292150.764519329,2557922.146267765
228,292120.7716881036,2557922.146267765
229,292090.7788568782,2557922.146267765
230,292060.76649907004,2557922.146267765
231,292030.77366784465,2557922.146267765
232,292000.78083661926,2557922.146267765
233,291970.768478811,2557922.146267765
234,291940.7756475857,2557922.146267765
235,291910.7730530689,2557922.146267765
236,291880.77045855206,2557922.146267765
237,291850.77762732666,2557922.146267765
238,291820.7652695185,2557922.146267765
239,291790.7724382931,2557922.146267765
240,291760.7796070677,2557922.146267765
241,291730.7672492595,2557922.146267765
242,291700.7744180341,2557922.146267765
243,291670.78158680873,2557922.146267765
244,291640.76922900055,2557922.146267765
245,291610.77639777516,2557922.146267765
246,291580.812856424,2557922.146267765
247,292238.5169825626,2557893.331211541
248,292210.7697083626,2557892.1525023445
249,292180.77687713725,2557892.1525023445
250,292150.764519329,2557892.1525023445
251,292120.7716881036,2557892.1525023445
252,292090.7788568782,2557892.1525023445
253,292060.76649907004,2557892.1525023445
254,292030.77366784465,2557892.1525023445
255,292000.78083661926,2557892.1525023445
256,291970.768478811,2557892.1525023445
257,291940.7756475857,2557892.1525023445
258,291910.7730530689,2557892.1525023445
259,291880.77045855206,2557892.1525023445
260,291850.77762732666,2557892.1525023445
261,291820.7652695185,2557892.1525023445
262,291790.7724382931,2557892.1525023445
263,291760.7796070677,2557892.1525023445
264,291730.7672492595,2557892.1525023445
265,291700.7744180341,2557892.1525023445
266,291670.78158680873,2557892.1525023445
267,291640.76922900055,2557892.1525023445
268,291610.77639777516,2557892.1525023445
269,291580.77380325843,2557892.1525023445
270,291556.9416089156,2557892.0843125563
271,292209.6859830156,2557862.148995525
272,292180.77687713725,2557862.148995525
273,292150.764519329,2557862.148995525
274,292120.7716881036,2557862.148995525
275,292090.7788568782,2557862.148995525
276,292060.76649907004,2557862.148995525
277,292030.77366784465,2557862.148995525
278,292000.78083661926,2557862.148995525
279,291970.768478811,2557862.148995525
280,291940.7756475857,2557862.148995525
281,291910.7730530689,2557862.148995525
282,291880.77045855206,2557862.148995525
283,291850.77762732666,2557862.148995525
284,291820.7652695185,2557862.148995525
285,291790.7724382931,2557862.148995525
286,291760.7796070677,2557862.148995525
287,291730.7672492595,2557862.148995525
288,291700.7744180341,2557862.148995525
289,291670.78158680873,2557862.148995525
290,291640.76922900055,2557862.148995525
291,291610.77639777516,2557862.148995525
292,291580.77380325843,2557862.148995525
293,291550.7712087416,2557862.148995525
294,291533.08012469846,2557851.706216528
295,292195.8709256641,2557847.040086734
296,292180.77687713725,2557832.145488706
297,292150.764519329,2557832.145488706
298,292120.7716881036,2557832.145488706
299,292090.7788568782,2557832.145488706
300,292060.76649907004,2557832.145488706
301,292030.77366784465,2557832.145488706
302,292000.78083661926,2557832.145488706
303,291970.768478811,2557832.145488706
304,291940.7756475857,2557832.145488706
305,291910.7730530689,2557832.145488706
306,291880.77045855206,2557832.145488706
307,291850.77762732666,2557832.145488706
308,291820.7652695185,2557832.145488706
309,291790.7724382931,2557832.145488706
310,291760.7796070677,2557832.145488706
311,291730.7672492595,2557832.145488706
312,291700.7744180341,2557832.145488706
313,291670.78158680873,2557832.145488706
314,291640.76922900055,2557832.145488706
315,291610.77639777516,2557832.145488706
316,291580.77380325843,2557832.145488706
317,291550.7712087416,2557832.145488706
318,291524.20529280265,2557832.145488706
319,292167.0496894084,2557815.7604567353
320,292150.764519329,2557802.151723285
321,292120.7716881036,2557802.151723285
322,292090.7788568782,2557802.151723285
323,292060.76649907004,2557802.151723285
324,292030.77366784465,2557802.151723285
325,292000.78083661926,2557802.151723285
326,291970.768478811,2557802.151723285
327,291940.7756475857,2557802.151723285
328,291910.7730530689,2557802.151723285
329,291880.77045855206,2557802.151723285
330,291850.77762732666,2557802.151723285
331,291820.7652695185,2557802.151723285
332,291790.7724382931,2557802.151723285
333,291760.7796070677,2557802.151723285
334,291730.7672492595,2557802.151723285
335,291700.7744180341,2557802.151723285
336,291670.78158680873,2557802.151723285
337,291640.76922900055,2557802.151723285
338,291610.77639777516,2557802.151723285
339,291580.77380325843,2557802.151723285
340,291550.7712087416,2557802.151723285
341,291520.7783775162,2557802.151723285
342,291500.3340452942,2557796.3458498875
343,292138.2284531528,2557784.4808267364
344,292120.7716881036,2557772.1482164655
345,292090.7788568782,2557772.1482164655
346,292060.76649907004,2557772.1482164655
347,292030.77366784465,2557772.1482164655
348,292000.78083661926,2557772.1482164655
349,291970.768478811,2557772.1482164655
350,291940.7756475857,2557772.1482164655
351,291910.7730530689,2557772.1482164655
352,291880.77045855206,2557772.1482164655
353,291850.77762732666,2557772.1482164655
354,291820.7652695185,2557772.1482164655
355,291790.7724382931,2557772.1482164655
356,291760.7796070677,2557772.1482164655
357,291730.7672492595,2557772.1482164655
358,291700.7744180341,2557772.1482164655
359,291670.78158680873,2557772.1482164655
360,291640.76922900055,2557772.1482164655
361,291610.77639777516,2557772.1482164655
362,291580.77380325843,2557772.1482164655
363,291550.7712087416,2557772.1482164655
364,291520.7783775162,2557772.1482164655
365,291491.46897668985,2557772.1482164655
366,292109.4072168971,2557753.210938136
367,292090.7788568782,2557742.154451045
368,292060.76649907004,2557742.154451045
369,292030.77366784465,2557742.154451045
370,292000.78083661926,2557742.154451045
371,291970.768478811,2557742.154451045
372,291940.7756475857,2557742.154451045
373,291910.7730530689,2557742.154451045
374,291880.77045855206,2557742.154451045
375,291850.77762732666,2557742.154451045
376,291820.7652695185,2557742.154451045
377,291790.7724382931,2557742.154451045
378,291760.7796070677,2557742.154451045
379,291730.7672492595,2557742.154451045
380,291700.7744180341,2557742.154451045
381,291670.78158680873,2557742.154451045
382,291640.76922900055,2557742.154451045
383,291610.77639777516,2557742.154451045
384,291580.77380325843,2557742.154451045
385,291550.7712087416,2557742.154451045
386,291520.7783775162,2557742.154451045
387,291490.76601970795,2557742.154451045
388,291467.59772918135,2557740.96600045
389,292080.5957439329,2557721.9313081373
390,292060.76649907004,2557712.150944226
391,292030.77366784465,2557712.150944226
392,292000.78083661926,2557712.150944226
393,291970.768478811,2557712.150944226
394,291940.7756475857,2557712.150944226
395,291910.7730530689,2557712.150944226
396,291880.77045855206,2557712.150944226
397,291850.77762732666,2557712.150944226
398,291820.7652695185,2557712.150944226
399,291790.7724382931,2557712.150944226
400,291760.7796070677,2557712.150944226
401,291730.7672492595,2557712.150944226
402,291700.7744180341,2557712.150944226
403,291670.78158680873,2557712.150944226
404,291640.76922900055,2557712.150944226
405,291610.77639777516,2557712.150944226
406,291580.77380325843,2557712.150944226
407,291550.7712087416,2557712.150944226
408,291520.7783775162,2557712.150944226
409,291490.76601970795,2557712.150944226
410,291460.7731884826,2557712.150944226
411,291443.7362449643,2557700.597645821
412,292051.76474438584,2557690.64193674
413,292030.77366784465,2557682.1474374067
414,292000.78083661926,2557682.1474374067
415,291970.768478811,2557682.1474374067
416,291940.7756475857,2557682.1474374067
417,291910.7730530689,2557682.1474374067
418,291880.77045855206,2557682.1474374067
419,291850.77762732666,2557682.1474374067
420,291820.7652695185,2557682.1474374067
421,291790.7724382931,2557682.1474374067
422,291760.7796070677,2557682.1474374067
423,291730.7672492595,2557682.1474374067
424,291700.7744180341,2557682.1474374067
425,291670.78158680873,2557682.1474374067
426,291640.76922900055,2557682.1474374067
427,291610.77639777516,2557682.1474374067
428,291580.77380325843,2557682.1474374067
429,291550.7712087416,2557682.1474374067
430,291520.7783775162,2557682.1474374067
431,291490.76601970795,2557682.1474374067
432,291460.7731884826,2557682.1474374067
433,291434.87117635994,2557682.1474374067
434,292022.9435081302,2557659.362306741
435,292000.78083661926,2557652.1536719855
436,291970.768478811,2557652.1536719855
437,291940.7756475857,2557652.1536719855
438,291910.7730530689,2557652.1536719855
439,291880.77045855206,2557652.1536719855
440,291850.77762732666,2557652.1536719855
441,291820.7652695185,2557652.1536719855
442,291790.7724382931,2557652.1536719855
443,291760.7796070677,2557652.1536719855
444,291730.7672492595,2557652.1536719855
445,291700.7744180341,2557652.1536719855
446,291670.78158680873,2557652.1536719855
447,291640.76922900055,2557652.1536719855
448,291610.77639777516,2557652.1536719855
449,291580.77380325843,2557652.1536719855
450,291550.7712087416,2557652.1536719855
451,291520.7783775162,2557652.1536719855
452,291490.76601970795,2557652.1536719855
453,291460.7731884826,2557652.1536719855
454,291430.78035725723,2557652.1536719855
455,291410.99016556004,2557645.227537782
456,291994.132035166,2557628.082676742
457,291970.768478811,2557622.1501651667
458,291940.7756475857,2557622.1501651667
459,291910.7730530689,2557622.1501651667
460,291880.77045855206,2557622.1501651667
461,291850.77762732666,2557622.1501651667
462,291820.7652695185,2557622.1501651667
463,291790.7724382931,2557622.1501651667
464,291760.7796070677,2557622.1501651667
465,291730.7672492595,2557622.1501651667
466,291700.7744180341,2557622.1501651667
467,291670.78158680873,2557622.1501651667
468,291640.76922900055,2557622.1501651667
469,291610.77639777516,2557622.1501651667
470,291580.77380325843,2557622.1501651667
471,291550.7712087416,2557622.1501651667
472,291520.7783775162,2557622.1501651667
473,291490.76601970795,2557622.1501651667
474,291460.7731884826,2557622.1501651667
475,291430.78035725723,2557622.1501651667
476,291402.1250969557,2557622.1501651667
477,291965.3010356189,2557596.8030467434
478,291940.7756475857,2557592.146658347
479,291910.7730530689,2557592.146658347
480,291880.77045855206,2557592.146658347
481,291850.77762732666,2557592.146658347
482,291820.7652695185,2557592.146658347
483,291790.7724382931,2557592.146658347
484,291760.7796070677,2557592.146658347
485,291730.7672492595,2557592.146658347
486,291700.7744180341,2557592.146658347
487,291670.78158680873,2557592.146658347
488,291640.76922900055,2557592.146658347
489,291610.77639777516,2557592.146658347
490,291580.77380325843,2557592.146658347
491,291550.7712087416,2557592.146658347
492,291520.7783775162,2557592.146658347
493,291490.76601970795,2557592.146658347
494,291460.7731884826,2557592.146658347
495,291430.78035725723,2557592.146658347
496,291400.76799944905,2557592.146658347
497,291378.2636127386,2557589.857429743
498,291936.48956265475,2557565.5331581426
499,291910.7730530689,2557562.1528929262
500,291880.77045855206,2557562.1528929262
501,291850.77762732666,2557562.1528929262
502,291820.7652695185,2557562.1528929262
503,291790.7724382931,2557562.1528929262
504,291760.7796070677,2557562.1528929262
505,291730.7672492595,2557562.1528929262
506,291700.7744180341,2557562.1528929262
507,291670.78158680873,2557562.1528929262
508,291640.76922900055,2557562.1528929262
509,291610.77639777516,2557562.1528929262
510,291580.77380325843,2557562.1528929262
511,291550.7712087416,2557562.1528929262
512,291520.7783775162,2557562.1528929262
513,291490.76601970795,2557562.1528929262
514,291460.7731884826,2557562.1528929262
515,291430.78035725723,2557562.1528929262
516,291400.76799944905,2557562.1528929262
517,291370.77516822366,2557562.1528929262
518,291354.3923652301,2557549.489075113
519,291907.65856310766,2557534.2437867457
520,291880.77045855206,2557532.149386107
521,291850.77762732666,2557532.149386107
522,291820.7652695185,2557532.149386107
523,291790.7724382931,2557532.149386107
524,291760.7796070677,2557532.149386107
525,291730.7672492595,2557532.149386107
526,291700.7744180341,2557532.149386107
527,291670.78158680873,2557532.149386107
528,291640.76922900055,2557532.149386107
529,291610.77639777516,2557532.149386107
530,291580.77380325843,2557532.149386107
531,291550.7712087416,2557532.149386107
532,291520.7783775162,2557532.149386107
533,291490.76601970795,2557532.149386107
534,291460.7731884826,2557532.149386107
535,291430.78035725723,2557532.149386107
536,291400.76799944905,2557532.149386107
537,291370.77516822366,2557532.149386107
538,291345.5272966257,2557532.149386107
539,291878.837326852,2557502.964156747
540,291850.77762732666,2557502.145879288
541,291820.7652695185,2557502.145879288
542,291790.7724382931,2557502.145879288
543,291760.7796070677,2557502.145879288
544,291730.7672492595,2557502.145879288
545,291700.7744180341,2557502.145879288
546,291670.78158680873,2557502.145879288
547,291640.76922900055,2557502.145879288
548,291610.77639777516,2557502.145879288
549,291580.77380325843,2557502.145879288
550,291550.7712087416,2557502.145879288
551,291520.7783775162,2557502.145879288
552,291490.76601970795,2557502.145879288
553,291460.7731884826,2557502.145879288
554,291430.78035725723,2557502.145879288
555,291400.76799944905,2557502.145879288
556,291370.77516822366,2557502.145879288
557,291340.78233699827,2557502.145879288
558,291321.6560491172,2557494.109225676
559,291850.0258538878,2557472.152113867
560,291820.7652695185,2557472.152113867
561,291790.7724382931,2557472.152113867
562,291760.7796070677,2557472.152113867
563,291730.7672492595,2557472.152113867
564,291700.7744180341,2557472.152113867
565,291670.78158680873,2557472.152113867
566,291640.76922900055,2557472.152113867
567,291610.77639777516,2557472.152113867
568,291580.77380325843,2557472.152113867
569,291550.7712087416,2557472.152113867
570,291520.7783775162,2557472.152113867
571,291490.76601970795,2557472.152113867
572,291460.7731884826,2557472.152113867
573,291430.78035725723,2557472.152113867
574,291400.76799944905,2557472.152113867
575,291370.77516822366,2557472.152113867
576,291340.78233699827,2557472.152113867
577,291312.78121722146,2557472.152113867
578,291836.20103324484,2557456.6827733386
579,291820.7652695185,2557442.148607048
580,291790.7724382931,2557442.148607048
581,291760.7796070677,2557442.148607048
582,291730.7672492595,2557442.148607048
583,291700.7744180341,2557442.148607048
584,291670.78158680873,2557442.148607048
585,291640.76922900055,2557442.148607048
586,291610.77639777516,2557442.148607048
587,291580.77380325843,2557442.148607048
588,291550.7712087416,2557442.148607048
589,291520.7783775162,2557442.148607048
590,291490.76601970795,2557442.148607048
591,291460.7731884826,2557442.148607048
592,291430.78035725723,2557442.148607048
593,291400.76799944905,2557442.148607048
594,291370.77516822366,2557442.148607048
595,291340.78233699827,2557442.148607048
596,291310.7699791901,2557442.148607048
597,291288.9197330044,2557438.748859035
598,291807.3797969892,2557425.4128847374
599,291790.7724382931,2557412.154841627
600,291760.7796070677,2557412.154841627
601,291730.7672492595,2557412.154841627
602,291700.7744180341,2557412.154841627
603,291670.78158680873,2557412.154841627
604,291640.76922900055,2557412.154841627
605,291610.77639777516,2557412.154841627
606,291580.77380325843,2557412.154841627
607,291550.7712087416,2557412.154841627
608,291520.7783775162,2557412.154841627
609,291490.76601970795,2557412.154841627
610,291460.7731884826,2557412.154841627
611,291430.78035725723,2557412.154841627
612,291400.76799944905,2557412.154841627
613,291370.77516822366,2557412.154841627
614,291340.78233699827,2557412.154841627
615,291310.7699791901,2557412.154841627
616,291280.7771479647,2557412.154841627
617,291265.04848549585,2557398.370763007
618,291778.55856073357,2557394.1332547385
619,291760.7796070677,2557382.1513348077
620,291730.7672492595,2557382.1513348077
621,291700.7744180341,2557382.1513348077
622,291670.78158680873,2557382.1513348077
623,291640.76922900055,2557382.1513348077
624,291610.77639777516,2557382.1513348077
625,291580.77380325843,2557382.1513348077
626,291550.7712087416,2557382.1513348077
627,291520.7783775162,2557382.1513348077
628,291490.76601970795,2557382.1513348077
629,291460.7731884826,2557382.1513348077
630,291430.78035725723,2557382.1513348077
631,291400.76799944905,2557382.1513348077
632,291370.77516822366,2557382.1513348077
633,291340.78233699827,2557382.1513348077
634,291310.7699791901,2557382.1513348077
635,291280.7771479647,2557382.1513348077
636,291256.1736536001,2557382.1513348077
637,291751.78761567496,2557352.1478279885
638,291730.7672492595,2557352.1478279885
639,291700.7744180341,2557352.1478279885
640,291670.78158680873,2557352.1478279885
641,291640.76922900055,2557352.1478279885
642,291610.77639777516,2557352.1478279885
643,291580.77380325843,2557352.1478279885
644,291550.7712087416,2557352.1478279885
645,291520.7783775162,2557352.1478279885
646,291490.76601970795,2557352.1478279885
647,291460.7731884826,2557352.1478279885
648,291430.78035725723,2557352.1478279885
649,291400.76799944905,2557352.1478279885
650,291370.77516822366,2557352.1478279885
651,291340.78233699827,2557352.1478279885
652,291310.7699791901,2557352.1478279885
653,291280.7771479647,2557352.1478279885
654,291250.76479015645,2557352.1478279885
655,291232.31216938305,2557343.000654968
656,291809.0200299468,2557308.9447264485
657,291790.7724382931,2557317.1956908237
658,291760.7796070677,2557322.1540625673
659,291730.7672492595,2557322.1540625673
660,291700.7744180341,2557322.1540625673
661,291670.78158680873,2557322.1540625673
662,291640.76922900055,2557322.1540625673
663,291610.77639777516,2557322.1540625673
664,291580.77380325843,2557322.1540625673
665,291550.7712087416,2557322.1540625673
666,291520.7783775162,2557322.1540625673
667,291490.76601970795,2557322.1540625673
668,291460.7731884826,2557322.1540625673
669,291430.78035725723,2557322.1540625673
670,291400.76799944905,2557322.1540625673
671,291370.77516822366,2557322.1540625673
672,291340.78233699827,2557322.1540625673
673,291310.7699791901,2557322.1540625673
674,291280.7771479647,2557322.1540625673
675,291250.76479015645,2557322.1540625673
676,291223.4471007787,2557322.1540625673
677,291866.30126067577,2557277.4410442887
678,291850.77762732666,2557285.692008664
679,291820.7652695185,2557292.1505557485
680,291790.7724382931,2557292.1505557485
681,291760.7796070677,2557292.1505557485
682,291730.7672492595,2557292.1505557485
683,291700.7744180341,2557292.1505557485
684,291670.78158680873,2557292.1505557485
685,291640.76922900055,2557292.1505557485
686,291610.77639777516,2557292.1505557485
687,291580.77380325843,2557292.1505557485
688,291550.7712087416,2557292.1505557485
689,291520.7783775162,2557292.1505557485
690,291490.76601970795,2557292.1505557485
691,291460.7731884826,2557292.1505557485
692,291430.78035725723,2557292.1505557485
693,291400.76799944905,2557292.1505557485
694,291370.77516822366,2557292.1505557485
695,291340.78233699827,2557292.1505557485
696,291310.7699791901,2557292.1505557485
697,291280.7771479647,2557292.1505557485
698,291250.76479015645,2557292.1505557485
699,291220.7719589311,2557292.1505557485
700,291199.5758532702,2557287.6305469293
701,291904.7783921404,2557253.886343156
702,291880.77045855206,2557262.1470489297
703,291850.77762732666,2557262.1470489297
704,291820.7652695185,2557262.1470489297
705,291790.7724382931,2557262.1470489297
706,291760.7796070677,2557262.1470489297
707,291730.7672492595,2557262.1470489297
708,291700.7744180341,2557262.1470489297
709,291670.78158680873,2557262.1470489297
710,291640.76922900055,2557262.1470489297
711,291610.77639777516,2557262.1470489297
712,291580.77380325843,2557262.1470489297
713,291550.7712087416,2557262.1470489297
714,291520.7783775162,2557262.1470489297
715,291490.76601970795,2557262.1470489297
716,291460.7731884826,2557262.1470489297
717,291430.78035725723,2557262.1470489297
718,291400.76799944905,2557262.1470489297
719,291370.77516822366,2557262.1470489297
720,291340.78233699827,2557262.1470489297
721,291310.7699791901,2557262.1470489297
722,291280.7771479647,2557262.1470489297
723,291250.76479015645,2557262.1470489297
724,291220.7719589311,2557262.1470489297
725,291190.7791277057,2557262.1470489297
726,291175.7046057617,2557247.2621922996
727,291934.4587980405,2557227.662498884
728,291910.7730530689,2557232.1532835085
729,291880.77045855206,2557232.1532835085
730,291850.77762732666,2557232.1532835085
731,291820.7652695185,2557232.1532835085
732,291790.7724382931,2557232.1532835085
733,291760.7796070677,2557232.1532835085
734,291730.7672492595,2557232.1532835085
735,291700.7744180341,2557232.1532835085
736,291670.78158680873,2557232.1532835085
737,291640.76922900055,2557232.1532835085
738,291610.77639777516,2557232.1532835085
739,291580.77380325843,2557232.1532835085
740,291550.7712087416,2557232.1532835085
741,291520.7783775162,2557232.1532835085
742,291490.76601970795,2557232.1532835085
743,291460.7731884826,2557232.1532835085
744,291430.78035725723,2557232.1532835085
745,291400.76799944905,2557232.1532835085
746,291370.77516822366,2557232.1532835085
747,291340.78233699827,2557232.1532835085
748,291310.7699791901,2557232.1532835085
749,291280.7771479647,2557232.1532835085
750,291250.76479015645,2557232.1532835085
751,291220.7719589311,2557232.1532835085
752,291190.7791277057,2557232.1532835085
753,291166.8395371573,2557232.1532835085
754,291931.1783321252,2557210.5078964457
755,291910.7730530689,2557202.1497766892
756,291880.77045855206,2557202.1497766892
757,291850.77762732666,2557202.1497766892
758,291820.7652695185,2557202.1497766892
759,291790.7724382931,2557202.1497766892
760,291760.7796070677,2557202.1497766892
761,291730.7672492595,2557202.1497766892
762,291700.7744180341,2557202.1497766892
763,291670.78158680873,2557202.1497766892
764,291640.76922900055,2557202.1497766892
765,291610.77639777516,2557202.1497766892
766,291580.77380325843,2557202.1497766892
767,291550.7712087416,2557202.1497766892
768,291520.7783775162,2557202.1497766892
769,291490.76601970795,2557202.1497766892
770,291460.7731884826,2557202.1497766892
771,291430.78035725723,2557202.1497766892
772,291400.76799944905,2557202.1497766892
773,291370.77516822366,2557202.1497766892
774,291340.78233699827,2557202.1497766892
775,291310.7699791901,2557202.1497766892
776,291280.7771479647,2557202.1497766892
777,291250.76479015645,2557202.1497766892
778,291220.7719589311,2557202.1497766892
779,291190.7791277057,2557202.1497766892
780,291160.7667698975,2557202.1497766892
781,291142.9682896488,2557191.882342862
782,291903.96803895297,2557177.075417419
783,291880.77045855206,2557172.14626987
784,291850.77762732666,2557172.14626987
785,291820.7652695185,2557172.14626987
786,291790.7724382931,2557172.14626987
787,291760.7796070677,2557172.14626987
788,291730.7672492595,2557172.14626987
789,291700.7744180341,2557172.14626987
790,291670.78158680873,2557172.14626987
791,291640.76922900055,2557172.14626987
792,291610.77639777516,2557172.14626987
793,291580.77380325843,2557172.14626987
794,291550.7712087416,2557172.14626987
795,291520.7783775162,2557172.14626987
796,291490.76601970795,2557172.14626987
797,291460.7731884826,2557172.14626987
798,291430.78035725723,2557172.14626987
799,291400.76799944905,2557172.14626987
800,291370.77516822366,2557172.14626987
801,291340.78233699827,2557172.14626987
802,291310.7699791901,2557172.14626987
803,291280.7771479647,2557172.14626987
804,291250.76479015645,2557172.14626987
805,291220.7719589311,2557172.14626987
806,291190.7791277057,2557172.14626987
807,291160.7667698975,2557172.14626987
808,291134.1032210444,2557172.14626987
809,291876.7577457807,2557143.642938392
810,291850.77762732666,2557142.152504449
811,291820.7652695185,2557142.152504449
812,291790.7724382931,2557142.152504449
813,291760.7796070677,2557142.152504449
814,291730.7672492595,2557142.152504449
815,291700.7744180341,2557142.152504449
816,291670.78158680873,2557142.152504449
817,291640.76922900055,2557142.152504449
818,291610.77639777516,2557142.152504449
819,291580.77380325843,2557142.152504449
820,291550.7712087416,2557142.152504449
821,291520.7783775162,2557142.152504449
822,291490.76601970795,2557142.152504449
823,291460.7731884826,2557142.152504449
824,291430.78035725723,2557142.152504449
825,291400.76799944905,2557142.152504449
826,291370.77516822366,2557142.152504449
827,291340.78233699827,2557142.152504449
828,291310.7699791901,2557142.152504449
829,291280.7771479647,2557142.152504449
830,291250.76479015645,2557142.152504449
831,291220.7719589311,2557142.152504449
832,291190.7791277057,2557142.152504449
833,291160.7667698975,2557142.152504449
834,291130.7739386721,2557142.152504449
835,291110.2417368274,2557136.5219762214
836,291849.55721589987,2557112.14899763
837,291820.7652695185,2557112.14899763
838,291790.7724382931,2557112.14899763
839,291760.7796070677,2557112.14899763
840,291730.7672492595,2557112.14899763
841,291700.7744180341,2557112.14899763
842,291670.78158680873,2557112.14899763
843,291640.76922900055,2557112.14899763
844,291610.77639777516,2557112.14899763
845,291580.77380325843,2557112.14899763
846,291550.7712087416,2557112.14899763
847,291520.7783775162,2557112.14899763
848,291490.76601970795,2557112.14899763
849,291460.7731884826,2557112.14899763
850,291430.78035725723,2557112.14899763
851,291400.76799944905,2557112.14899763
852,291370.77516822366,2557112.14899763
853,291340.78233699827,2557112.14899763
854,291310.7699791901,2557112.14899763
855,291280.7771479647,2557112.14899763
856,291250.76479015645,2557112.14899763
857,291220.7719589311,2557112.14899763
858,291190.7791277057,2557112.14899763
859,291160.7667698975,2557112.14899763
860,291130.7739386721,2557112.14899763
861,291101.37666822306,2557112.14899763
862,291837.35310163174,2557095.208705955
863,291820.7652695185,2557082.145490811
864,291790.7724382931,2557082.145490811
865,291760.7796070677,2557082.145490811
866,291730.7672492595,2557082.145490811
867,291700.7744180341,2557082.145490811
868,291670.78158680873,2557082.145490811
869,291640.76922900055,2557082.145490811
870,291610.77639777516,2557082.145490811
871,291580.77380325843,2557082.145490811
872,291550.7712087416,2557082.145490811
873,291520.7783775162,2557082.145490811
874,291490.76601970795,2557082.145490811
875,291460.7731884826,2557082.145490811
876,291430.78035725723,2557082.145490811
877,291400.76799944905,2557082.145490811
878,291370.77516822366,2557082.145490811
879,291340.78233699827,2557082.145490811
880,291310.7699791901,2557082.145490811
881,291280.7771479647,2557082.145490811
882,291250.76479015645,2557082.145490811
883,291220.7719589311,2557082.145490811
884,291190.7791277057,2557082.145490811
885,291160.7667698975,2557082.145490811
886,291130.7739386721,2557082.145490811
887,291100.78110744676,2557082.145490811
888,291077.4956574231,2557081.142126784
889,291810.14280845947,2557061.785968326
890,291790.7724382931,2557052.15172539
891,291760.7796070677,2557052.15172539
892,291730.7672492595,2557052.15172539
893,291700.7744180341,2557052.15172539
894,291670.78158680873,2557052.15172539
895,291640.76922900055,2557052.15172539
896,291610.77639777516,2557052.15172539
897,291580.77380325843,2557052.15172539
898,291550.7712087416,2557052.15172539
899,291520.7783775162,2557052.15172539
900,291490.76601970795,2557052.15172539
901,291460.7731884826,2557052.15172539
902,291430.78035725723,2557052.15172539
903,291400.76799944905,2557052.15172539
904,291370.77516822366,2557052.15172539
905,291340.78233699827,2557052.15172539
906,291310.7699791901,2557052.15172539
907,291280.7771479647,2557052.15172539
908,291250.76479015645,2557052.15172539
909,291220.7719589311,2557052.15172539
910,291190.7791277057,2557052.15172539
911,291160.7667698975,2557052.15172539
912,291130.7739386721,2557052.15172539
913,291100.78110744676,2557052.15172539
914,291070.7687496385,2557052.15172539
915,291053.63417320605,2557040.773772155
916,291782.93251528725,2557028.3534892993
917,291760.7796070677,2557022.1482185707
918,291730.7672492595,2557022.1482185707
919,291700.7744180341,2557022.1482185707
920,291670.78158680873,2557022.1482185707
921,291640.76922900055,2557022.1482185707
922,291610.77639777516,2557022.1482185707
923,291580.77380325843,2557022.1482185707
924,291550.7712087416,2557022.1482185707
925,291520.7783775162,2557022.1482185707
926,291490.76601970795,2557022.1482185707
927,291460.7731884826,2557022.1482185707
928,291430.78035725723,2557022.1482185707
929,291400.76799944905,2557022.1482185707
930,291370.77516822366,2557022.1482185707
931,291340.78233699827,2557022.1482185707
932,291310.7699791901,2557022.1482185707
933,291280.7771479647,2557022.1482185707
934,291250.76479015645,2557022.1482185707
935,291220.7719589311,2557022.1482185707
936,291190.7791277057,2557022.1482185707
937,291160.7667698975,2557022.1482185707
938,291130.7739386721,2557022.1482185707
939,291100.78110744676,2557022.1482185707
940,291070.7687496385,2557022.1482185707
941,291044.7691046017,2557022.1482185707
942,291755.7319854064,2556994.921010272
943,291730.7672492595,2556992.15445315
944,291700.7744180341,2556992.15445315
945,291670.78158680873,2556992.15445315
946,291640.76922900055,2556992.15445315
947,291610.77639777516,2556992.15445315
948,291580.77380325843,2556992.15445315
949,291550.7712087416,2556992.15445315
950,291520.7783775162,2556992.15445315
951,291490.76601970795,2556992.15445315
952,291460.7731884826,2556992.15445315
953,291430.78035725723,2556992.15445315
954,291400.76799944905,2556992.15445315
955,291370.77516822366,2556992.15445315
956,291340.78233699827,2556992.15445315
957,291310.7699791901,2556992.15445315
958,291280.7771479647,2556992.15445315
959,291250.76479015645,2556992.15445315
960,291220.7719589311,2556992.15445315
961,291190.7791277057,2556992.15445315
962,291160.7667698975,2556992.15445315
963,291130.7739386721,2556992.15445315
964,291100.78110744676,2556992.15445315
965,291070.7687496385,2556992.15445315
966,291040.7759184131,2556992.15445315
967,291020.8978570932,2556985.4036641154
968,291728.5216922342,2556962.1509463303
969,291700.7744180341,2556962.1509463303
970,291670.78158680873,2556962.1509463303
971,291640.76922900055,2556962.1509463303
972,291610.77639777516,2556962.1509463303
973,291580.77380325843,2556962.1509463303
974,291550.7712087416,2556962.1509463303
975,291520.7783775162,2556962.1509463303
976,291490.76601970795,2556962.1509463303
977,291460.7731884826,2556962.1509463303
978,291430.78035725723,2556962.1509463303
979,291400.76799944905,2556962.1509463303
980,291370.77516822366,2556962.1509463303
981,291340.78233699827,2556962.1509463303
982,291310.7699791901,2556962.1509463303
983,291280.7771479647,2556962.1509463303
984,291250.76479015645,2556962.1509463303
985,291220.7719589311,2556962.1509463303
986,291190.7791277057,2556962.1509463303
987,291160.7667698975,2556962.1509463303
988,291130.7739386721,2556962.1509463303
989,291100.78110744676,2556962.1509463303
990,291070.7687496385,2556962.1509463303
991,291040.7759184131,2556962.1509463303
992,291012.03278848884,2556962.1509463303
993,291716.3078146746,2556946.477036437
994,291700.7744180341,2556932.1474395115
995,291670.78158680873,2556932.1474395115
996,291640.76922900055,2556932.1474395115
997,291610.77639777516,2556932.1474395115
998,291580.77380325843,2556932.1474395115
999,291550.7712087416,2556932.1474395115
1000,291520.7783775162,2556932.1474395115
1001,291490.76601970795,2556932.1474395115
1002,291460.7731884826,2556932.1474395115
1003,291430.78035725723,2556932.1474395115
1004,291400.76799944905,2556932.1474395115
1005,291370.77516822366,2556932.1474395115
1006,291340.78233699827,2556932.1474395115
1007,291310.7699791901,2556932.1474395115
1008,291280.7771479647,2556932.1474395115
1009,291250.76479015645,2556932.1474395115
1010,291220.7719589311,2556932.1474395115
1011,291190.7791277057,2556932.1474395115
1012,291160.7667698975,2556932.1474395115
1013,291130.7739386721,2556932.1474395115
1014,291100.78110744676,2556932.1474395115
1015,291070.7687496385,2556932.1474395115
1016,291040.7759184131,2556932.1474395115
1017,291010.77332389634,2556932.1474395115
1018,290988.16154098033,2556930.033556076
1019,291689.1072847938,2556913.0542988083
1020,291670.78158680873,2556902.1536740907
1021,291640.76922900055,2556902.1536740907
1022,291610.77639777516,2556902.1536740907
1023,291580.77380325843,2556902.1536740907
1024,291550.7712087416,2556902.1536740907
1025,291520.7783775162,2556902.1536740907
1026,291490.76601970795,2556902.1536740907
1027,291460.7731884826,2556902.1536740907
1028,291430.78035725723,2556902.1536740907
1029,291400.76799944905,2556902.1536740907
1030,291370.77516822366,2556902.1536740907
1031,291340.78233699827,2556902.1536740907
1032,291310.7699791901,2556902.1536740907
1033,291280.7771479647,2556902.1536740907
1034,291250.76479015645,2556902.1536740907
1035,291220.7719589311,2556902.1536740907
1036,291190.7791277057,2556902.1536740907
1037,291160.7667698975,2556902.1536740907
1038,291130.7739386721,2556902.1536740907
1039,291100.78110744676,2556902.1536740907
1040,291070.7687496385,2556902.1536740907
1041,291040.7759184131,2556902.1536740907
1042,291010.77332389634,2556902.1536740907
1043,290980.77072937955,2556902.1536740907
1044,290964.29029347183,2556889.6554600485
1045,291661.9067549129,2556879.621819781
1046,291640.76922900055,2556872.1501672715
1047,291610.77639777516,2556872.1501672715
1048,291580.77380325843,2556872.1501672715
1049,291550.7712087416,2556872.1501672715
1050,291520.7783775162,2556872.1501672715
1051,291490.76601970795,2556872.1501672715
1052,291460.7731884826,2556872.1501672715
1053,291430.78035725723,2556872.1501672715
1054,291400.76799944905,2556872.1501672715
1055,291370.77516822366,2556872.1501672715
1056,291340.78233699827,2556872.1501672715
1057,291310.7699791901,2556872.1501672715
1058,291280.7771479647,2556872.1501672715
1059,291250.76479015645,2556872.1501672715
1060,291220.7719589311,2556872.1501672715
1061,291190.7791277057,2556872.1501672715
1062,291160.7667698975,2556872.1501672715
1063,291130.7739386721,2556872.1501672715
1064,291100.78110744676,2556872.1501672715
1065,291070.7687496385,2556872.1501672715
1066,291040.7759184131,2556872.1501672715
1067,291010.77332389634,2556872.1501672715
1068,290980.77072937955,2556872.1501672715
1069,290955.4252248675,2556872.1501672715
1070,291634.69646174076,2556846.1893407544
1071,291610.77639777516,2556842.1466604522
1072,291580.77380325843,2556842.1466604522
1073,291550.7712087416,2556842.1466604522
1074,291520.7783775162,2556842.1466604522
1075,291490.76601970795,2556842.1466604522
1076,291460.7731884826,2556842.1466604522
1077,291430.78035725723,2556842.1466604522
1078,291400.76799944905,2556842.1466604522
1079,291370.77516822366,2556842.1466604522
1080,291340.78233699827,2556842.1466604522
1081,291310.7699791901,2556842.1466604522
1082,291280.7771479647,2556842.1466604522
1083,291250.76479015645,2556842.1466604522
1084,291220.7719589311,2556842.1466604522
1085,291190.7791277057,2556842.1466604522
1086,291160.7667698975,2556842.1466604522
1087,291130.7739386721,2556842.1466604522
1088,291100.78110744676,2556842.1466604522
1089,291070.7687496385,2556842.1466604522
1090,291040.7759184131,2556842.1466604522
1091,291010.77332389634,2556842.1466604522
1092,290980.77072937955,2556842.1466604522
1093,290950.77789815416,2556842.1466604522
1094,290931.55397735897,2556834.2853520093
1095,291607.4861685685,2556812.7568617268
1096,291580.77380325843,2556812.1528950315
1097,291550.7712087416,2556812.1528950315
1098,291520.7783775162,2556812.1528950315
1099,291490.76601970795,2556812.1528950315
1100,291460.7731884826,2556812.1528950315
1101,291430.78035725723,2556812.1528950315
1102,291400.76799944905,2556812.1528950315
1103,291370.77516822366,2556812.1528950315
1104,291340.78233699827,2556812.1528950315
1105,291310.7699791901,2556812.1528950315
1106,291280.7771479647,2556812.1528950315
1107,291250.76479015645,2556812.1528950315
1108,291220.7719589311,2556812.1528950315
1109,291190.7791277057,2556812.1528950315
1110,291160.7667698975,2556812.1528950315
1111,291130.7739386721,2556812.1528950315
1112,291100.78110744676,2556812.1528950315
1113,291070.7687496385,2556812.1528950315
1114,291040.7759184131,2556812.1528950315
1115,291010.77332389634,2556812.1528950315
1116,290980.77072937955,2556812.1528950315
1117,290950.77789815416,2556812.1528950315
1118,290922.67914546316,2556812.1528950315
1119,291580.2758753962,2556782.149388212
1120,291550.7712087416,2556782.149388212
1121,291520.7783775162,2556782.149388212
1122,291490.76601970795,2556782.149388212
1123,291460.7731884826,2556782.149388212
1124,291430.78035725723,2556782.149388212
1125,291400.76799944905,2556782.149388212
1126,291370.77516822366,2556782.149388212
1127,291340.78233699827,2556782.149388212
1128,291310.7699791901,2556782.149388212
1129,291280.7771479647,2556782.149388212
1130,291250.76479015645,2556782.149388212
1131,291220.7719589311,2556782.149388212
1132,291190.7791277057,2556782.149388212
1133,291160.7667698975,2556782.149388212
1134,291130.7739386721,2556782.149388212
1135,291100.78110744676,2556782.149388212
1136,291070.7687496385,2556782.149388212
1137,291040.7759184131,2556782.149388212
1138,291010.77332389634,2556782.149388212
1139,290980.77072937955,2556782.149388212
1140,290950.77789815416,2556782.149388212
1141,290920.7655403459,2556782.149388212
1142,290898.81766124617,2556778.91524397
1143,291568.07176112814,2556764.32262929
1144,291550.7712087416,2556752.145881393
1145,291520.7783775162,2556752.145881393
1146,291490.76601970795,2556752.145881393
1147,291460.7731884826,2556752.145881393
1148,291430.78035725723,2556752.145881393
1149,291400.76799944905,2556752.145881393
1150,291370.77516822366,2556752.145881393
1151,291340.78233699827,2556752.145881393
1152,291310.7699791901,2556752.145881393
1153,291280.7771479647,2556752.145881393
1154,291250.76479015645,2556752.145881393
1155,291220.7719589311,2556752.145881393
1156,291190.7791277057,2556752.145881393
1157,291160.7667698975,2556752.145881393
1158,291130.7739386721,2556752.145881393
1159,291100.78110744676,2556752.145881393
1160,291070.7687496385,2556752.145881393
1161,291040.7759184131,2556752.145881393
1162,291010.77332389634,2556752.145881393
1163,290980.77072937955,2556752.145881393
1164,290950.77789815416,2556752.145881393
1165,290920.7655403459,2556752.145881393
1166,290890.7727091206,2556752.145881393
1167,290874.95617702906,2556738.546889341
1168,291540.86146795587,2556730.8998916615
1169,291520.7783775162,2556722.152115972
1170,291490.76601970795,2556722.152115972
1171,291460.7731884826,2556722.152115972
1172,291430.78035725723,2556722.152115972
1173,291400.76799944905,2556722.152115972
1174,291370.77516822366,2556722.152115972
1175,291340.78233699827,2556722.152115972
1176,291310.7699791901,2556722.152115972
1177,291280.7771479647,2556722.152115972
1178,291250.76479015645,2556722.152115972
1179,291220.7719589311,2556722.152115972
1180,291190.7791277057,2556722.152115972
1181,291160.7667698975,2556722.152115972
1182,291130.7739386721,2556722.152115972
1183,291100.78110744676,2556722.152115972
1184,291070.7687496385,2556722.152115972
1185,291040.7759184131,2556722.152115972
1186,291010.77332389634,2556722.152115972
1187,290980.77072937955,2556722.152115972
1188,290950.77789815416,2556722.152115972
1189,290920.7655403459,2556722.152115972
1190,290890.7727091206,2556722.152115972
1191,290866.08134513325,2556722.152115972
1192,291513.66093807505,2556697.4576712362
1193,291490.76601970795,2556692.148609153
1194,291460.7731884826,2556692.148609153
1195,291430.78035725723,2556692.148609153
1196,291400.76799944905,2556692.148609153
1197,291370.77516822366,2556692.148609153
1198,291340.78233699827,2556692.148609153
1199,291310.7699791901,2556692.148609153
1200,291280.7771479647,2556692.148609153
1201,291250.76479015645,2556692.148609153
1202,291220.7719589311,2556692.148609153
1203,291190.7791277057,2556692.148609153
1204,291160.7667698975,2556692.148609153
1205,291130.7739386721,2556692.148609153
1206,291100.78110744676,2556692.148609153
1207,291070.7687496385,2556692.148609153
1208,291040.7759184131,2556692.148609153
1209,291010.77332389634,2556692.148609153
1210,290980.77072937955,2556692.148609153
1211,290950.77789815416,2556692.148609153
1212,290920.7655403459,2556692.148609153
1213,290890.7727091206,2556692.148609153
1214,290860.7798778952,2556692.148609153
1215,290842.2100976248,2556683.167039904
1216,291486.45064490277,2556664.025192209
1217,291460.7731884826,2556662.1451023337
1218,291430.78035725723,2556662.1451023337
1219,291400.76799944905,2556662.1451023337
1220,291370.77516822366,2556662.1451023337
1221,291340.78233699827,2556662.1451023337
1222,291310.7699791901,2556662.1451023337
1223,291280.7771479647,2556662.1451023337
1224,291250.76479015645,2556662.1451023337
1225,291220.7719589311,2556662.1451023337
1226,291190.7791277057,2556662.1451023337
1227,291160.7667698975,2556662.1451023337
1228,291130.7739386721,2556662.1451023337
1229,291100.78110744676,2556662.1451023337
1230,291070.7687496385,2556662.1451023337
1231,291040.7759184131,2556662.1451023337
1232,291010.77332389634,2556662.1451023337
1233,290980.77072937955,2556662.1451023337
1234,290950.77789815416,2556662.1451023337
1235,290920.7655403459,2556662.1451023337
1236,290890.7727091206,2556662.1451023337
1237,290860.7798778952,2556662.1451023337
1238,290833.34502902045,2556662.1451023337
1239,291459.2403517305,2556632.151336913
1240,291430.78035725723,2556632.151336913
1241,291400.76799944905,2556632.151336913
1242,291370.77516822366,2556632.151336913
1243,291340.78233699827,2556632.151336913
1244,291310.7699791901,2556632.151336913
1245,291280.7771479647,2556632.151336913
1246,291250.76479015645,2556632.151336913
1247,291220.7719589311,2556632.151336913
1248,291190.7791277057,2556632.151336913
1249,291160.7667698975,2556632.151336913
1250,291130.7739386721,2556632.151336913
1251,291100.78110744676,2556632.151336913
1252,291070.7687496385,2556632.151336913
1253,291040.7759184131,2556632.151336913
1254,291010.77332389634,2556632.151336913
1255,290980.77072937955,2556632.151336913
1256,290950.77789815416,2556632.151336913
1257,290920.7655403459,2556632.151336913
1258,290890.7727091206,2556632.151336913
1259,290860.7798778952,2556632.151336913
1260,290830.76752008696,2556632.151336913
1261,290809.47378151194,2556627.806673263
1262,291447.0362374624,2556615.5909597725
1263,291430.78035725723,2556602.1478300933
1264,291400.76799944905,2556602.1478300933
1265,291370.77516822366,2556602.1478300933
1266,291340.78233699827,2556602.1478300933
1267,291310.7699791901,2556602.1478300933
1268,291280.7771479647,2556602.1478300933
1269,291250.76479015645,2556602.1478300933
1270,291220.7719589311,2556602.1478300933
1271,291190.7791277057,2556602.1478300933
1272,291160.7667698975,2556602.1478300933
1273,291130.7739386721,2556602.1478300933
1274,291100.78110744676,2556602.1478300933
1275,291070.7687496385,2556602.1478300933
1276,291040.7759184131,2556602.1478300933
1277,291010.77332389634,2556602.1478300933
1278,290980.77072937955,2556602.1478300933
1279,290950.77789815416,2556602.1478300933
1280,290920.7655403459,2556602.1478300933
1281,290890.7727091206,2556602.1478300933
1282,290860.7798778952,2556602.1478300933
1283,290830.76752008696,2556602.1478300933
1284,290800.77468886157,2556602.1478300933
1285,290785.6122972949,2556587.428577235
1286,291419.8357075816,2556582.1682221433
1287,291400.76799944905,2556572.1540646725
1288,291370.77516822366,2556572.1540646725
1289,291340.78233699827,2556572.1540646725
1290,291310.7699791901,2556572.1540646725
1291,291280.7771479647,2556572.1540646725
1292,291250.76479015645,2556572.1540646725
1293,291220.7719589311,2556572.1540646725
1294,291190.7791277057,2556572.1540646725
1295,291160.7667698975,2556572.1540646725
1296,291130.7739386721,2556572.1540646725
1297,291100.78110744676,2556572.1540646725
1298,291070.7687496385,2556572.1540646725
1299,291040.7759184131,2556572.1540646725
1300,291010.77332389634,2556572.1540646725
1301,290980.77072937955,2556572.1540646725
1302,290950.77789815416,2556572.1540646725
1303,290920.7655403459,2556572.1540646725
1304,290890.7727091206,2556572.1540646725
1305,290860.7798778952,2556572.1540646725
1306,290830.76752008696,2556572.1540646725
1307,290800.77468886157,2556572.1540646725
1308,290776.7472286905,2556572.1540646725
1309,291392.6254144093,2556548.7357431166
1310,291370.77516822366,2556542.1505578533
1311,291340.78233699827,2556542.1505578533
1312,291310.7699791901,2556542.1505578533
1313,291280.7771479647,2556542.1505578533
1314,291250.76479015645,2556542.1505578533
1315,291220.7719589311,2556542.1505578533
1316,291190.7791277057,2556542.1505578533
1317,291160.7667698975,2556542.1505578533
1318,291130.7739386721,2556542.1505578533
1319,291100.78110744676,2556542.1505578533
1320,291070.7687496385,2556542.1505578533
1321,291040.7759184131,2556542.1505578533
1322,291010.77332389634,2556542.1505578533
1323,290980.77072937955,2556542.1505578533
1324,290950.77789815416,2556542.1505578533
1325,290920.7655403459,2556542.1505578533
1326,290890.7727091206,2556542.1505578533
1327,290860.7798778952,2556542.1505578533
1328,290830.76752008696,2556542.1505578533
1329,290800.77468886157,2556542.1505578533
1330,290770.78185763623,2556542.1505578533
1331,290752.86621789064,2556532.058469196
1332,291365.41512123705,2556515.303264089
1333,291340.78233699827,2556512.147051034
1334,291310.7699791901,2556512.147051034
1335,291280.7771479647,2556512.147051034
1336,291250.76479015645,2556512.147051034
1337,291220.7719589311,2556512.147051034
1338,291190.7791277057,2556512.147051034
1339,291160.7667698975,2556512.147051034
1340,291130.7739386721,2556512.147051034
1341,291100.78110744676,2556512.147051034
1342,291070.7687496385,2556512.147051034
1343,291040.7759184131,2556512.147051034
1344,291010.77332389634,2556512.147051034
1345,290980.77072937955,2556512.147051034
1346,290950.77789815416,2556512.147051034
1347,290920.7655403459,2556512.147051034
1348,290890.7727091206,2556512.147051034
1349,290860.7798778952,2556512.147051034
1350,290830.76752008696,2556512.147051034
1351,290800.77468886157,2556512.147051034
1352,290770.78185763623,2556512.147051034
1353,290744.0011492862,2556512.147051034
1354,291338.2145913562,2556482.1532856133
1355,291310.7699791901,2556482.1532856133
1356,291280.7771479647,2556482.1532856133
1357,291250.76479015645,2556482.1532856133
1358,291220.7719589311,2556482.1532856133
1359,291190.7791277057,2556482.1532856133
1360,291160.7667698975,2556482.1532856133
1361,291130.7739386721,2556482.1532856133
1362,291100.78110744676,2556482.1532856133
1363,291070.7687496385,2556482.1532856133
1364,291040.7759184131,2556482.1532856133
1365,291010.77332389634,2556482.1532856133
1366,290980.77072937955,2556482.1532856133
1367,290950.77789815416,2556482.1532856133
1368,290920.7655403459,2556482.1532856133
1369,290890.7727091206,2556482.1532856133
1370,290860.7798778952,2556482.1532856133
1371,290830.76752008696,2556482.1532856133
1372,290800.77468886157,2556482.1532856133
1373,290770.78185763623,2556482.1532856133
1374,290740.769499828,2556482.1532856133
1375,290720.1396650692,2556476.6883611567
1376,291326.0104770881,2556466.869031653
1377,291310.7699791901,2556452.1497787945
1378,291280.7771479647,2556452.1497787945
1379,291250.76479015645,2556452.1497787945
1380,291220.7719589311,2556452.1497787945
1381,291190.7791277057,2556452.1497787945
1382,291160.7667698975,2556452.1497787945
1383,291130.7739386721,2556452.1497787945
1384,291100.78110744676,2556452.1497787945
1385,291070.7687496385,2556452.1497787945
1386,291040.7759184131,2556452.1497787945
1387,291010.77332389634,2556452.1497787945
1388,290980.77072937955,2556452.1497787945
1389,290950.77789815416,2556452.1497787945
1390,290920.7655403459,2556452.1497787945
1391,290890.7727091206,2556452.1497787945
1392,290860.7798778952,2556452.1497787945
1393,290830.76752008696,2556452.1497787945
1394,290800.77468886157,2556452.1497787945
1395,290770.78185763623,2556452.1497787945
1396,290740.769499828,2556452.1497787945
1397,290711.26483317337,2556452.1497787945
1398,291298.7904206244,2556433.426811227
1399,291280.7771479647,2556422.146271975
1400,291250.76479015645,2556422.146271975
1401,291220.7719589311,2556422.146271975
1402,291190.7791277057,2556422.146271975
1403,291160.7667698975,2556422.146271975
1404,291130.7739386721,2556422.146271975
1405,291100.78110744676,2556422.146271975
1406,291070.7687496385,2556422.146271975
1407,291040.7759184131,2556422.146271975
1408,291010.77332389634,2556422.146271975
1409,290980.77072937955,2556422.146271975
1410,290950.77789815416,2556422.146271975
1411,290920.7655403459,2556422.146271975
1412,290890.7727091206,2556422.146271975
1413,290860.7798778952,2556422.146271975
1414,290830.76752008696,2556422.146271975
1415,290800.77468886157,2556422.146271975
1416,290770.78185763623,2556422.146271975
1417,290740.769499828,2556422.146271975
1418,290710.7766686026,2556422.146271975
1419,290687.40334895626,2556421.3182531176
1420,291271.5898907436,2556400.0040735984
1421,291250.76479015645,2556392.152506554
1422,291220.7719589311,2556392.152506554
1423,291190.7791277057,2556392.152506554
1424,291160.7667698975,2556392.152506554
1425,291130.7739386721,2556392.152506554
1426,291100.78110744676,2556392.152506554
1427,291070.7687496385,2556392.152506554
1428,291040.7759184131,2556392.152506554
1429,291010.77332389634,2556392.152506554
1430,290980.77072937955,2556392.152506554
1431,290950.77789815416,2556392.152506554
1432,290920.7655403459,2556392.152506554
1433,290890.7727091206,2556392.152506554
1434,290860.7798778952,2556392.152506554
1435,290830.76752008696,2556392.152506554
1436,290800.77468886157,2556392.152506554
1437,290770.78185763623,2556392.152506554
1438,290740.769499828,2556392.152506554
1439,290710.7766686026,2556392.152506554
1440,290680.7740740859,2556392.152506554
1441,290663.5321014478,2556380.9401570903
1442,291244.37959757133,2556366.571594571
1443,291220.7719589311,2556362.148999735
1444,291190.7791277057,2556362.148999735
1445,291160.7667698975,2556362.148999735
1446,291130.7739386721,2556362.148999735
1447,291100.78110744676,2556362.148999735
1448,291070.7687496385,2556362.148999735
1449,291040.7759184131,2556362.148999735
1450,291010.77332389634,2556362.148999735
1451,290980.77072937955,2556362.148999735
1452,290950.77789815416,2556362.148999735
1453,290920.7655403459,2556362.148999735
1454,290890.7727091206,2556362.148999735
1455,290860.7798778952,2556362.148999735
1456,290830.76752008696,2556362.148999735
1457,290800.77468886157,2556362.148999735
1458,290770.78185763623,2556362.148999735
1459,290740.769499828,2556362.148999735
1460,290710.7766686026,2556362.148999735
1461,290680.7740740859,2556362.148999735
1462,290654.657269552,2556362.148999735
1463,291217.1790676905,2556333.139115544
1464,291190.7791277057,2556332.1454929155
1465,291160.7667698975,2556332.1454929155
1466,291130.7739386721,2556332.1454929155
1467,291100.78110744676,2556332.1454929155
1468,291070.7687496385,2556332.1454929155
1469,291040.7759184131,2556332.1454929155
1470,291010.77332389634,2556332.1454929155
1471,290980.77072937955,2556332.1454929155
1472,290950.77789815416,2556332.1454929155
1473,290920.7655403459,2556332.1454929155
1474,290890.7727091206,2556332.1454929155
1475,290860.7798778952,2556332.1454929155
1476,290830.76752008696,2556332.1454929155
1477,290800.77468886157,2556332.1454929155
1478,290770.78185763623,2556332.1454929155
1479,290740.769499828,2556332.1454929155
1480,290710.7766686026,2556332.1454929155
1481,290680.7740740859,2556332.1454929155
1482,290650.771479569,2556332.1454929155
1483,290630.79578533495,2556325.570049051
1484,291189.9687745183,2556302.151727495
1485,291160.7667698975,2556302.151727495
1486,291130.7739386721,2556302.151727495
1487,291100.78110744676,2556302.151727495
1488,291070.7687496385,2556302.151727495
1489,291040.7759184131,2556302.151727495
1490,291010.77332389634,2556302.151727495
1491,290980.77072937955,2556302.151727495
1492,290950.77789815416,2556302.151727495
1493,290920.7655403459,2556302.151727495
1494,290890.7727091206,2556302.151727495
1495,290860.7798778952,2556302.151727495
1496,290830.76752008696,2556302.151727495
1497,290800.77468886157,2556302.151727495
1498,290770.78185763623,2556302.151727495
1499,290740.769499828,2556302.151727495
1500,290710.7766686026,2556302.151727495
1501,290680.7740740859,2556302.151727495
1502,290650.771479569,2556302.151727495
1503,290621.9307167306,2556302.151727495
1504,291177.76466025016,2556284.7048831074
1505,291160.7667698975,2556272.148220676
1506,291130.7739386721,2556272.148220676
1507,291100.78110744676,2556272.148220676
1508,291070.7687496385,2556272.148220676
1509,291040.7759184131,2556272.148220676
1510,291010.77332389634,2556272.148220676
1511,290980.77072937955,2556272.148220676
1512,290950.77789815416,2556272.148220676
1513,290920.7655403459,2556272.148220676
1514,290890.7727091206,2556272.148220676
1515,290860.7798778952,2556272.148220676
1516,290830.76752008696,2556272.148220676
1517,290800.77468886157,2556272.148220676
1518,290770.78185763623,2556272.148220676
1519,290740.769499828,2556272.148220676
1520,290710.7766686026,2556272.148220676
1521,290680.7740740859,2556272.148220676
1522,290650.771479569,2556272.148220676
1523,290620.77864834364,2556272.148220676
1524,290598.04970593064,2556270.2096824106
1525,291150.5543670779,2556251.2821454788
1526,291130.7739386721,2556242.154455255
1527,291100.78110744676,2556242.154455255
1528,291070.7687496385,2556242.154455255
1529,291040.7759184131,2556242.154455255
1530,291010.77332389634,2556242.154455255
1531,290980.77072937955,2556242.154455255
1532,290950.77789815416,2556242.154455255
1533,290920.7655403459,2556242.154455255
1534,290890.7727091206,2556242.154455255
1535,290860.7798778952,2556242.154455255
1536,290830.76752008696,2556242.154455255
1537,290800.77468886157,2556242.154455255
1538,290770.78185763623,2556242.154455255
1539,290740.769499828,2556242.154455255
1540,290710.7766686026,2556242.154455255
1541,290680.7740740859,2556242.154455255
1542,290650.771479569,2556242.154455255
1543,290620.77864834364,2556242.154455255
1544,290590.76629053545,2556242.154455255
1545,290574.1882217136,2556229.8315863824
1546,291123.34407390567,2556217.8496664516
1547,291100.78110744676,2556212.1509484355
1548,291070.7687496385,2556212.1509484355
1549,291040.7759184131,2556212.1509484355
1550,291010.77332389634,2556212.1509484355
1551,290980.77072937955,2556212.1509484355
1552,290950.77789815416,2556212.1509484355
1553,290920.7655403459,2556212.1509484355
1554,290890.7727091206,2556212.1509484355
1555,290860.7798778952,2556212.1509484355
1556,290830.76752008696,2556212.1509484355
1557,290800.77468886157,2556212.1509484355
1558,290770.78185763623,2556212.1509484355
1559,290740.769499828,2556212.1509484355
1560,290710.7766686026,2556212.1509484355
1561,290680.7740740859,2556212.1509484355
1562,290650.771479569,2556212.1509484355
1563,290620.77864834364,2556212.1509484355
1564,290590.76629053545,2556212.1509484355
1565,290565.32315310923,2556212.1509484355
1566,291096.1435440248,2556184.4171874244
1567,291070.7687496385,2556182.1474416163
1568,291040.7759184131,2556182.1474416163
1569,291010.77332389634,2556182.1474416163
1570,290980.77072937955,2556182.1474416163
1571,290950.77789815416,2556182.1474416163
1572,290920.7655403459,2556182.1474416163
1573,290890.7727091206,2556182.1474416163
1574,290860.7798778952,2556182.1474416163
1575,290830.76752008696,2556182.1474416163
1576,290800.77468886157,2556182.1474416163
1577,290770.78185763623,2556182.1474416163
1578,290740.769499828,2556182.1474416163
1579,290710.7766686026,2556182.1474416163
1580,290680.7740740859,2556182.1474416163
1581,290650.771479569,2556182.1474416163
1582,290620.77864834364,2556182.1474416163
1583,290590.76629053545,2556182.1474416163
1584,290560.77345931006,2556182.1474416163
1585,290541.4519056007,2556174.4614783432
1586,291068.9332508526,2556152.153676195
1587,291040.7759184131,2556152.153676195
1588,291010.77332389634,2556152.153676195
1589,290980.77072937955,2556152.153676195
1590,290950.77789815416,2556152.153676195
1591,290920.7655403459,2556152.153676195
1592,290890.7727091206,2556152.153676195
1593,290860.7798778952,2556152.153676195
1594,290830.76752008696,2556152.153676195
1595,290800.77468886157,2556152.153676195
1596,290770.78185763623,2556152.153676195
1597,290740.769499828,2556152.153676195
1598,290710.7766686026,2556152.153676195
1599,290680.7740740859,2556152.153676195
1600,290650.771479569,2556152.153676195
1601,290620.77864834364,2556152.153676195
1602,290590.76629053545,2556152.153676195
1603,290560.77345931006,2556152.153676195
1604,290532.5868369964,2556152.153676195
1605,291056.719373293,2556135.9732135893
1606,291040.7759184131,2556122.1501693763
1607,291010.77332389634,2556122.1501693763
1608,290980.77072937955,2556122.1501693763
1609,290950.77789815416,2556122.1501693763
1610,290920.7655403459,2556122.1501693763
1611,290890.7727091206,2556122.1501693763
1612,290860.7798778952,2556122.1501693763
1613,290830.76752008696,2556122.1501693763
1614,290800.77468886157,2556122.1501693763
1615,290770.78185763623,2556122.1501693763
1616,290740.769499828,2556122.1501693763
1617,290710.7766686026,2556122.1501693763
1618,290680.7740740859,2556122.1501693763
1619,290650.771479569,2556122.1501693763
1620,290620.77864834364,2556122.1501693763
1621,290590.76629053545,2556122.1501693763
1622,290560.77345931006,2556122.1501693763
1623,290530.78062808467,2556122.1501693763
1624,290508.7155894879,2556119.091370304
1625,291029.51884341217,2556102.540734562
1626,291010.77332389634,2556092.1466625566
1627,290980.77072937955,2556092.1466625566
1628,290950.77789815416,2556092.1466625566
1629,290920.7655403459,2556092.1466625566
1630,290890.7727091206,2556092.1466625566
1631,290860.7798778952,2556092.1466625566
1632,290830.76752008696,2556092.1466625566
1633,290800.77468886157,2556092.1466625566
1634,290770.78185763623,2556092.1466625566
1635,290740.769499828,2556092.1466625566
1636,290710.7766686026,2556092.1466625566
1637,290680.7740740859,2556092.1466625566
1638,290650.771479569,2556092.1466625566
1639,290620.77864834364,2556092.1466625566
1640,290590.76629053545,2556092.1466625566
1641,290560.77345931006,2556092.1466625566
1642,290530.78062808467,2556092.1466625566
1643,290500.7682702765,2556092.1466625566
1644,290484.84434197936,2556078.723015675
1645,291002.30855023995,2556069.1179969334
1646,290980.77072937955,2556062.1528971363
1647,290950.77789815416,2556062.1528971363
1648,290920.7655403459,2556062.1528971363
1649,290890.7727091206,2556062.1528971363
1650,290860.7798778952,2556062.1528971363
1651,290830.76752008696,2556062.1528971363
1652,290800.77468886157,2556062.1528971363
1653,290770.78185763623,2556062.1528971363
1654,290740.769499828,2556062.1528971363
1655,290710.7766686026,2556062.1528971363
1656,290680.7740740859,2556062.1528971363
1657,290650.771479569,2556062.1528971363
1658,290620.77864834364,2556062.1528971363
1659,290590.76629053545,2556062.1528971363
1660,290560.77345931006,2556062.1528971363
1661,290530.78062808467,2556062.1528971363
1662,290500.7682702765,2556062.1528971363
1663,290475.979273375,2556062.1528971363
1664,290975.1080203591,2556035.685517906
1665,290950.77789815416,2556032.149390317
1666,290920.7655403459,2556032.149390317
1667,290890.7727091206,2556032.149390317
1668,290860.7798778952,2556032.149390317
1669,290830.76752008696,2556032.149390317
1670,290800.77468886157,2556032.149390317
1671,290770.78185763623,2556032.149390317
1672,290740.769499828,2556032.149390317
1673,290710.7766686026,2556032.149390317
1674,290680.7740740859,2556032.149390317
1675,290650.771479569,2556032.149390317
1676,290620.77864834364,2556032.149390317
1677,290590.76629053545,2556032.149390317
1678,290560.77345931006,2556032.149390317
1679,290530.78062808467,2556032.149390317
1680,290500.7682702765,2556032.149390317
1681,290470.7754390511,2556032.4124080716
1682,290947.8977271869,2556002.2530388795
1683,290920.7655403459,2556002.145883498
1684,290890.7727091206,2556002.145883498
1685,290860.7798778952,2556002.145883498
1686,290830.76752008696,2556002.145883498
1687,290800.77468886157,2556002.145883498
1688,290770.78185763623,2556002.145883498
1689,290740.769499828,2556002.145883498
1690,290710.7766686026,2556002.145883498
1691,290680.7740740859,2556002.145883498
1692,290650.771479569,2556002.145883498
1693,290620.77864834364,2556002.145883498
1694,290590.76629053545,2556003.499937864
1695,290560.77345931006,2556006.8412374873
1696,290530.78062808467,2556010.192278508
1697,290501.4321740926,2556013.54331953
1698,290920.68743401463,2555972.1521180766
1699,290890.7727091206,2555972.1521180766
1700,290860.7798778952,2555972.1521180766
1701,290830.76752008696,2555972.1521180766
1702,290800.77468886157,2555972.1521180766
1703,290770.78185763623,2555972.1521180766
1704,290740.769499828,2555972.1521180766
1705,290710.7766686026,2555975.1135031655
1706,290680.7740740859,2555978.454802789
1707,290650.771479569,2555981.8058438096
1708,290626.8221257293,2555985.147143433
1709,290908.48331974645,2555953.8188064424
1710,290890.7727091206,2555942.148611258
1711,290860.7798778952,2555943.376027446
1712,290830.76752008696,2555946.7173270686
1713,290800.77468886157,2555950.0683680903
1714,290770.78185763623,2555953.419409111
1715,290754.0475761518,2555956.7607087344
